Workbook

Sheet Ozet
A1: Gelir - Gider Ozeti
A2: Toplam Gelir | B2: =SUM('Gelir-gider'!D2:E19)
A3: Toplam Gider | B3: ='Gelir-gider'!F20
A4: Kalan / Sonuc | B4: ='Gelir-gider'!C20
A6: Ay | B6: Maas | C6: Sena Maas | D6: Toplam Gider | E6: Elde Kalan
A7: ='Gelir-gider'!A9 | B7: ='Gelir-gider'!D9 | C7: ='Gelir-gider'!E9 | D7: ='Gelir-gider'!F9 | E7: ='Gelir-gider'!C9
A8: ='Gelir-gider'!A10 | B8: ='Gelir-gider'!D10 | C8: ='Gelir-gider'!E10 | D8: ='Gelir-gider'!F10 | E8: ='Gelir-gider'!C10
A9: ='Gelir-gider'!A11 | B9: ='Gelir-gider'!D11 | C9: ='Gelir-gider'!E11 | D9: ='Gelir-gider'!F11 | E9: ='Gelir-gider'!C11
A10: ='Gelir-gider'!A12 | B10: ='Gelir-gider'!D12 | C10: ='Gelir-gider'!E12 | D10: ='Gelir-gider'!F12 | E10: ='Gelir-gider'!C12
A11: ='Gelir-gider'!A13 | B11: ='Gelir-gider'!D13 | C11: ='Gelir-gider'!E13 | D11: ='Gelir-gider'!F13 | E11: ='Gelir-gider'!C13
A12: ='Gelir-gider'!A14 | B12: ='Gelir-gider'!D14 | C12: ='Gelir-gider'!E14 | D12: ='Gelir-gider'!F14 | E12: ='Gelir-gider'!C14
A13: ='Gelir-gider'!A15 | B13: ='Gelir-gider'!D15 | C13: ='Gelir-gider'!E15 | D13: ='Gelir-gider'!F15 | E13: ='Gelir-gider'!C15
A14: ='Gelir-gider'!A16 | B14: ='Gelir-gider'!D16 | C14: ='Gelir-gider'!E16 | D14: ='Gelir-gider'!F16 | E14: ='Gelir-gider'!C16
A15: ='Gelir-gider'!A17 | B15: ='Gelir-gider'!D17 | C15: ='Gelir-gider'!E17 | D15: ='Gelir-gider'!F17 | E15: ='Gelir-gider'!C17
A16: ='Gelir-gider'!A18 | B16: ='Gelir-gider'!D18 | C16: ='Gelir-gider'!E18 | D16: ='Gelir-gider'!F18 | E16: ='Gelir-gider'!C18

Sheet Gelir-gider
A1: AY | B1: SONU? | C1: Elde Kalan | D1: Maa? | E1: Sena Maa? | F1: G?DER | G1: AYLIK HARCAMA | H1: Ziraat Ben | I1: Ziraat Sena | J1: Yap? Kredi | K1: Garanti | L1: Kuveyt | M1: S?tun1 | N1: S?tun2 | O1: Anneler | P1: D?? Bor? | Q1: Aidat | R1: Asm | S1: Kira | T1: Babam
B2: =SUM($C$2:C2) | C2: =D2+E2-F2 | F2: =SUM(G2:T2)
B3: =SUM($C$2:C3) | C3: =D3+E3-F3 | F3: =SUM(G3:T3)
B4: =SUM($C$2:C4) | C4: =D4+E4-F4 | F4: =SUM(G4:T4)
B5: =SUM($C$2:C5) | C5: =D5+E5-F5 | F5: =SUM(G5:T5)
B6: =SUM($C$2:C6) | C6: =D6+E6-F6 | F6: =SUM(G6:T6)
B7: =SUM($C$2:C7) | C7: =D7+E7-F7 | F7: =SUM(G7:T7)
B8: =SUM($C$2:C8) | C8: =D8+E8-F8 | F8: =SUM(G8:T8)
A9: May?s | B9: =SUM($C$2:C9) | C9: =D9+E9-F9 | F9: =SUM(G9:T9)
A10: Haziran | B10: =SUM($C$2:C10) | C10: =D10+E10-F10 | D10: 140000 | F10: =SUM(G10:T10) | G10: 22500
A11: Temmuz | B11: =SUM($C$2:C11) | C11: =D11+E11-F11 | D11: 189000 | E11: 125000 | F11: =SUM(G11:T11) | G11: 43500 | H11: 51000 | I11: 10000 | J11: 45000 | R11: 11000 | S11: 53000 | T11: 83333
A12: A?ustos | B12: =SUM($C$2:C12) | C12: =D12+E12-F12 | D12: 217000 | E12: 190000 | F12: =SUM(G12:T12) | G12: 70000 | H12: 7000 | I12: 10000 | J12: 25000 | K12: 4042 | Q12: 4500 | R12: 11000 | S12: 53000 | T12: 83333
A13: Eyl?l | B13: =SUM($C$2:C13) | C13: =D13+E13-F13 | D13: 235000 | E13: 170000 | F13: =SUM(G13:T13) | G13: 70000 | H13: 6000 | I13: 10000 | J13: 16000 | K13: 2100 | N13: 250000 | Q13: 4500 | R13: 11000 | S13: 53000 | T13: 83333
A14: Ekim | B14: =SUM($C$2:C14) | C14: =D14+E14-F14 | D14: 234000 | E14: 160000 | F14: =SUM(G14:T14) | G14: 30000 | I14: 10000 | J14: 11000 | K14: 2100 | Q14: 4500 | R14: 11000 | S14: 53000 | T14: 83333
A15: Kas?m | B15: =SUM($C$2:C15) | C15: =D15+E15-F15 | D15: 235000 | E15: 160000 | F15: =SUM(G15:T15) | G15: 70000 | I15: 10000 | J15: 11000 | K15: 2100 | O15: 130000 | Q15: 8000 | R15: 11000 | S15: 65000 | T15: 222500
A16: Aral?k | B16: =SUM($C$2:C16) | C16: =D16+E16-F16 | D16: 218000 | E16: 160000 | F16: =SUM(G16:T16) | G16: 70000 | I16: 10000 | J16: 2500 | K16: 2100 | Q16: 9000 | R16: 11000 | S16: 65000
A17: Ocak | B17: =SUM($C$2:C17) | C17: =D17+E17-F17 | D17: 265000 | E17: 190000 | F17: =SUM(G17:T17) | G17: 70000 | I17: 10000 | J17: 2500 | Q17: 10000 | R17: 12500 | S17: 65000
A18: ?ubat | B18: =SUM($C$2:C18) | C18: =D18+E18-F18 | D18: 290000 | E18: 190000 | F18: =SUM(G18:T18) | G18: 70000 | I18: 10000 | J18: 2500 | Q18: 10000 | R18: 12500 | S18: 65000
B19: =SUM($C$2:C19) | C19: =D19+E19-F19 | F19: =SUM(G19:T19)
A20: Toplam | C20: =SUM(C2:C19) | E20: =SUM(E2:E19) | F20: =SUM(F2:F19) | G20: =SUM(G2:G19) | H20: =SUM(H2:H19) | I20: =SUM(I2:I19) | J20: =SUM(J2:J19) | K20: =SUM(K2:K19) | L20: =SUM(L2:L19) | ... O20: =SUM(O2:O19) | Q20: =SUM(Q2:Q19) | R20: =SUM(R2:R19)
